{"1":{"3":{"8":{" ":{"b":{"o":{"w":{"e":{"r":{"y":{",":{" ":{"k":{"i":{"n":{"g":{" ":{"r":{"o":{"o":{"m":{"match":{"name":"138 Bowery, King Room","id":"138-bowery-king-room"}}}}}}}}}},"d":{"e":{"l":{"u":{"x":{"e":{" ":{"k":{"i":{"n":{"g":{" ":{"r":{"o":{"o":{"m":{"match":{"name":"138 Bowery, Deluxe King Room","id":"138-bowery-deluxe-king-room"}}}}}}}}}}}}}}}}},"v":{"i":{"b":{"r":{"a":{"n":{"t":{" ":{"q":{"u":{"e":{"e":{"n":{" ":{"r":{"o":{"o":{"m":{"match":{"name":"138 Bowery, Vibrant Queen Room","id":"138-bowery-vibrant-queen-room"}}}}}}}}}}}}}}}}}}}}}}}}}}}}}},"b":{"r":{" ":{"p":{"e":{"n":{"t":{"h":{"o":{"u":{"s":{"e":{" ":{"i":{"n":{" ":{"s":{"o":{"h":{"o":{" ":{"/":{" ":{"g":{"r":{"e":{"e":{"n":{"w":{"i":{"c":{"h":{" ":{"v":{"i":{"l":{"l":{"a":{"g":{"e":{"match":{"name":"1BR Penthouse in SoHo / Greenwich Village","id":"1br-penthouse-in-soho-greenwich-village"}}}}}}}}}}}}}}}}}}}}}}}}}}}}}}}}}}}}}}}}}},"5":{"0":{"0":{" ":{"s":{"u":{"n":{"s":{"e":{"t":{" ":{"h":{"e":{"i":{"g":{"h":{"t":{"s":{"match":{"name":"500 SUNSET HEIGHTS","id":"500-sunset-heights"}}}}}}}}}}}}}}}}}}},"k":{"i":{"n":{"g":{" ":{"r":{"o":{"o":{"m":{" ":{"s":{"k":{"y":{"match":{"name":"King Room Sky","id":"king-room-sky"}}}}}}}}}}}}}},"s":{"u":{"n":{"-":{"d":{"r":{"e":{"n":{"c":{"h":{"e":{"d":{",":{" ":{"p":{"e":{"a":{"c":{"e":{"f":{"u":{"l":{" ":{"a":{"p":{"a":{"r":{"t":{"m":{"e":{"n":{"t":{" ":{"a":{"v":{"a":{"i":{"l":{"a":{"b":{"l":{"e":{"match":{"name":"Sun-drenched, peaceful apartment available","id":"sundrenched-peaceful-apartment-available"}}}}}}}}}}}}}}}}}}}}}}}}}}}}}}}}}}}}}}}},"n":{"y":{" ":{"b":{"l":{"e":{"e":{"c":{"k":{"e":{"r":{" ":{"s":{"t":{"r":{"e":{"e":{"t":{" ":{"1":{"-":{"b":{"e":{"d":{"r":{"o":{"o":{"m":{" ":{"i":{"n":{" ":{"n":{"o":{"h":{"o":{" ":{"(":{"2":{"f":{")":{"match":{"name":"Sunny Bleecker Street 1-bedroom in NoHo (2F)","id":"sunny-bleecker-street-1bedroom-in-noho-2f"}}}}}}}}}}}}}}}}}}}}}}}}}}}}}}}}}}}}}}}}}}," ":{"&":{" ":{"s":{"k":{"i":{" ":{"p":{"a":{"r":{"a":{"d":{"i":{"s":{"e":{" ":{"-":{" ":{"y":{"e":{"a":{"r":{" ":{"r":{"o":{"u":{"n":{"d":{" ":{"f":{"u":{"n":{" ":{"a":{"n":{"d":{" ":{"r":{"e":{"l":{"a":{"x":{"a":{"t":{"i":{"o":{"n":{"match":{"name":"Sun & Ski Paradise - Year Round fun and relaxation","id":"sun-ski-paradise-year-round-fun-and-relaxation"}}}}}}}}}}}}}}}}}}}}}}}}}}}}}}}}}}}}}}}}}}}}}}}}},"p":{"e":{"r":{" ":{"s":{"p":{"a":{"c":{"i":{"o":{"u":{"s":{" ":{"s":{"t":{"u":{"d":{"i":{"o":{" ":{"i":{"n":{" ":{"m":{"i":{"d":{"t":{"o":{"w":{"n":{" ":{"w":{"e":{"s":{"t":{"match":{"name":"Super Spacious Studio in Midtown West","id":"super-spacious-studio-in-midtown-west"}}}}}}}}}}}}}}}}}}}}}}}}}}}}}}}}}}}}},"p":{"a":{"c":{"i":{"o":{"u":{"s":{" ":{"s":{"t":{"u":{"d":{"i":{"o":{" ":{"i":{"n":{" ":{"m":{"i":{"d":{"t":{"o":{"w":{"n":{" ":{"m":{"a":{"n":{"h":{"a":{"t":{"t":{"a":{"n":{"match":{"name":"Spacious studio in midtown Manhattan","id":"spacious-studio-in-midtown-manhattan"}}}}}}}}}}}}}}}}}}}}}}}}}}}},"r":{"e":{"s":{"o":{"r":{"t":{" ":{"s":{"t":{"u":{"d":{"i":{"o":{" ":{"i":{"n":{" ":{"p":{"a":{"r":{"a":{"d":{"i":{"s":{"e":{"!":{"match":{"name":"Spacious Resort Studio in Paradise!","id":"spacious-resort-studio-in-paradise"}}}}}}}}}}}}}}}}}}}}}}}}}}}}}}}}}}},"t":{"u":{"d":{"i":{"o":{" ":{"w":{"i":{"t":{"h":{" ":{" ":{"k":{"i":{"n":{"g":{" ":{"s":{"i":{"z":{"e":{" ":{"b":{"e":{"d":{"match":{"name":"Studio with  King size bed","id":"studio-with-king-size-bed"}}}}}}}}}}}}}}}}}}}}}}}}},"e":{"p":{"s":{" ":{"t":{"o":{" ":{"t":{"h":{"e":{" ":{"b":{"e":{"a":{"c":{"h":{"match":{"name":"Steps to the Beach","id":"steps-to-the-beach"}}}}}}}}}}}}}}}}}},"i":{"m":{"p":{"l":{"y":{" ":{"s":{"u":{"i":{"t":{"e":{"match":{"name":"Simply Suite","id":"simply-suite"}}}}}}}}}}}}},"c":{"i":{"t":{"y":{" ":{"q":{"u":{"e":{"e":{"n":{"s":{"i":{"d":{"e":{"match":{"name":"City Queenside","id":"city-queenside"}}}}}}}}}}}}}},"h":{"a":{"r":{"m":{"i":{"n":{"g":{" ":{"1":{"b":{"d":{" ":{"a":{"p":{"a":{"r":{"t":{"m":{"e":{"n":{"t":{" ":{"n":{"e":{"a":{"r":{" ":{"e":{"m":{"p":{"i":{"r":{"e":{" ":{"s":{"t":{"a":{"t":{"e":{" ":{"b":{"u":{"i":{"l":{"d":{"i":{"n":{"g":{"match":{"name":"Charming 1BD Apartment near Empire State building","id":"charming-1bd-apartment-near-empire-state-building"}}}}}}}}}}}}}}}}}}}}}}}}}}}}}}}}}}}}}}}}}}}}}}}}},"o":{"z":{"y":{" ":{"+":{" ":{"c":{"h":{"i":{"c":{" ":{"b":{"r":{"o":{"o":{"k":{"l":{"y":{"n":{" ":{"d":{"u":{"p":{"l":{"e":{"x":{"match":{"name":"Cozy + Chic Brooklyn Duplex","id":"cozy-chic-brooklyn-duplex"}}}}}}}}}}}}}}}}}}}}}}},"c":{"h":{"a":{"l":{"e":{"t":{" ":{"#":{"3":{"5":{"5":{" ":{"w":{"/":{" ":{"w":{"i":{"-":{"f":{"i":{" ":{"+":{" ":{"i":{"n":{"d":{"o":{"o":{"r":{" ":{"f":{"i":{"r":{"e":{"p":{"l":{"a":{"c":{"e":{"match":{"name":"Cozy Chalet #355 w/ Wi-Fi + Indoor Fireplace","id":"cozy-chalet-#355-w-wifi-indoor-fireplace"}}}}}}}}}}}}}}}}}}}}}}}}}}}}}}}}}}}}}}}},"l":{"i":{"t":{"t":{"l":{"e":{" ":{"d":{"o":{"w":{"n":{"t":{"o":{"w":{"n":{" ":{"c":{"o":{"n":{"d":{"o":{"match":{"name":"Cozy little downtown condo","id":"cozy-little-downtown-condo"}}}}}}}}}}}}}}}}}}}}}}}}},"n":{"d":{"o":{" ":{"i":{"n":{" ":{"p":{"a":{"r":{"a":{"d":{"i":{"s":{"e":{"match":{"name":"Condo in Paradise","id":"condo-in-paradise"}}}}}}}}}}}}}}}}},"u":{"t":{"e":{" ":{"n":{" ":{"c":{"o":{"z":{"y":{" ":{"t":{"o":{"w":{"n":{"h":{"o":{"u":{"s":{"e":{" ":{"f":{"o":{"r":{" ":{"2":{"!":{"match":{"name":"Cute n Cozy Townhouse for 2!","id":"cute-n-cozy-townhouse-for-2"}}}}}}}}}}}}}}}}}}}}}}}}}}}},"a":{"s":{"a":{" ":{"v":{"i":{"d":{"a":{" ":{"-":{" ":{"s":{"u":{"r":{"f":{"s":{"i":{"d":{"e":{" ":{"u":{"n":{"i":{"q":{"u":{"e":{" ":{"h":{"i":{"d":{"d":{"e":{"n":{" ":{"g":{"e":{"m":{"match":{"name":"Casa Vida - Surfside Unique Hidden Gem","id":"casa-vida-surfside-unique-hidden-gem"}}}}}}}}}}}}}}}}}}}}}}}}}}}}}}}}}}}}}}},"p":{"r":{"i":{"v":{"a":{"t":{"e":{",":{" ":{"r":{"o":{"o":{"m":{"y":{",":{" ":{"q":{"u":{"i":{"e":{"t":{" ":{"s":{"t":{"u":{"d":{"i":{"o":{" ":{"i":{"n":{" ":{"h":{"e":{"a":{"r":{"t":{" ":{"o":{"f":{" ":{"k":{"i":{"p":{"s":{" ":{"b":{"a":{"y":{"match":{"name":"Private, Roomy, Quiet Studio in heart of Kips Bay","id":"private-roomy-quiet-studio-in-heart-of-kips-bay"}}}}}}}}}}}}}}}}}}}}}}}}}}}}}}}}}}}}}}}}}}}," ":{"s":{"t":{"u":{"d":{"i":{"o":{" ":{"i":{"n":{" ":{"m":{"i":{"d":{"t":{"o":{"w":{"n":{" ":{"m":{"a":{"n":{"h":{"a":{"t":{"t":{"a":{"n":{"match":{"name":"Private studio in midtown Manhattan","id":"private-studio-in-midtown-manhattan"}}}}}}}}}}}}}}}}}}}}}}}}}}}}}}}}}}}},"a":{"m":{"a":{"z":{"i":{"n":{"g":{" ":{" ":{"n":{"o":{"m":{"a":{"d":{" ":{"a":{"p":{"t":{" ":{"i":{"n":{" ":{"t":{"h":{"e":{" ":{"c":{"e":{"n":{"t":{"e":{"r":{" ":{"o":{"f":{" ":{"m":{"a":{"n":{"h":{"a":{"t":{"t":{"a":{"n":{"match":{"name":"Amazing  Nomad Apt in the Center Of Manhattan","id":"amazing-nomad-apt-in-the-center-of-manhattan"}}}}}}}}}}}}}}}}}}}}}}}}}}}}}}}}}}}}}}}}}}}}}," ":{"d":{"i":{"a":{"m":{"o":{"n":{"d":{" ":{"i":{"n":{" ":{"t":{"h":{"e":{" ":{"r":{"o":{"u":{"g":{"h":{".":{"match":{"name":"A Diamond in the Rough.","id":"a-diamond-in-the-rough"}}}}}}}}}}}}}}}}}}}}}}},"s":{"p":{"e":{"n":{" ":{"l":{"o":{"d":{"g":{"e":{" ":{"d":{"o":{"w":{"n":{"t":{"o":{"w":{"n":{" ":{"l":{"a":{"r":{"g":{"e":{" ":{"b":{"e":{"a":{"u":{"t":{"i":{"f":{"u":{"l":{" ":{"c":{"h":{"a":{"l":{"e":{"t":{" ":{"match":{"name":"Aspen Lodge Downtown Large Beautiful Chalet ","id":"aspen-lodge-downtown-large-beautiful-chalet-"}}}}}}}}}}}}}}}}}}}}}}}}}}}}}}}}}}}}}}}}}}}}},"l":{"o":{"v":{"e":{"l":{"y":{" ":{"n":{"e":{"w":{" ":{"r":{"e":{"n":{"o":{"v":{"a":{"t":{"e":{"d":{" ":{"s":{"t":{"u":{"d":{"i":{"o":{" ":{"/":{" ":{"p":{"a":{"r":{"k":{" ":{"s":{"l":{"o":{"p":{"e":{"match":{"name":"Lovely New Renovated Studio / Park Slope","id":"lovely-new-renovated-studio-park-slope"}}}}}}}}}}}}}}}}}}}}}}}}}}}}}}}}}}}}}}}},"u":{"x":{"u":{"r":{"y":{" ":{"c":{"h":{"a":{"l":{"e":{"t":{" ":{"w":{"i":{"t":{"h":{" ":{"a":{"l":{"l":{" ":{"t":{"h":{"e":{" ":{"t":{"o":{"y":{"s":{" ":{"(":{"m":{"i":{"n":{" ":{"3":{"2":{" ":{"d":{"a":{"y":{"s":{")":{"match":{"name":"Luxury Chalet with all the Toys (min 32 days)","id":"luxury-chalet-with-all-the-toys-min-32-days"}}}}}}}}}}}}}}}}}}}}}}}}}}}}}}}}}}}}}},"o":{"n":{"d":{"o":{" ":{"m":{"a":{"r":{"i":{"n":{"a":{"match":{"name":"Luxury Condo Marina","id":"luxury-condo-marina"}}}}}}}}}}}}}}}}}}},"a":{"k":{"e":{" ":{"h":{"o":{"u":{"s":{"e":{" ":{"b":{"y":{" ":{"t":{"h":{"e":{" ":{"b":{"a":{"y":{"match":{"name":"Lake House by the Bay","id":"lake-house-by-the-bay"}}}}}}}}}}}}}}}}}}}}}},"f":{"u":{"r":{"n":{"i":{"s":{"h":{"e":{"d":{" ":{"m":{"i":{"d":{"t":{"o":{"w":{"n":{" ":{"o":{"n":{"e":{" ":{"b":{"e":{"d":{"r":{"o":{"o":{"m":{" ":{"b":{"e":{"a":{"u":{"t":{"y":{"match":{"name":"Furnished Midtown One Bedroom Beauty","id":"furnished-midtown-one-bedroom-beauty"}}}}}}}}}}}}}}}}}}}}}}}}}}}}}}}}}}}},"a":{"n":{"t":{"a":{"s":{"t":{"i":{"c":{" ":{"o":{"c":{"e":{"a":{"n":{" ":{"v":{"i":{"e":{"w":{" ":{"a":{"p":{"a":{"r":{"t":{"m":{"e":{"n":{"t":{" ":{"w":{"i":{"t":{"h":{" ":{"s":{"h":{"a":{"r":{"e":{"d":{" ":{"p":{"o":{"o":{"l":{"match":{"name":"Fantastic ocean view apartment with shared POOL","id":"fantastic-ocean-view-apartment-with-shared-pool"}}}}}}}}}}}}}}}}}}}}}}}}}}}}}}}}}}}}}}}}}}}}}}}},"t":{"i":{"n":{"y":{" ":{"h":{"o":{"m":{"e":{" ":{"t":{"r":{"a":{"n":{"q":{"u":{"i":{"l":{"i":{"t":{"y":{"match":{"name":"Tiny Home Tranquility","id":"tiny-home-tranquility"}}}}}}}}}}}}}}}}}}}}},"h":{"e":{" ":{"d":{"e":{"a":{"r":{" ":{"h":{"o":{"m":{"e":{" ":{"-":{" ":{"c":{"l":{"e":{"a":{"n":{" ":{"a":{"n":{"d":{" ":{"c":{"o":{"m":{"f":{"y":{" ":{"p":{"a":{"r":{"a":{"d":{"i":{"s":{"e":{" ":{"s":{"u":{"i":{"t":{"e":{"match":{"name":"The Dear Home - Clean and comfy Paradise suite","id":"the-dear-home-clean-and-comfy-paradise-suite"}}}}}}}}}}}}}}}}}}}}}}}}}}}}}}}}}}}}}}}}}}},"a":{"l":{"p":{"i":{"n":{"e":{" ":{"c":{"e":{"d":{"a":{"r":{"s":{" ":{"s":{"u":{"i":{"t":{"e":{"match":{"name":"The Alpine Cedars Suite","id":"the-alpine-cedars-suite"}}}}}}}}}}}}}}}}}}}}}}}},"b":{"e":{"y":{"o":{"n":{"d":{" ":{"t":{"h":{"e":{" ":{"d":{"o":{"o":{"r":{"match":{"name":"Beyond The Door","id":"beyond-the-door"}}}}}}}}}}}}}},"a":{"u":{"t":{"i":{"f":{"u":{"l":{" ":{"o":{"c":{"e":{"a":{"n":{"f":{"r":{"o":{"n":{"t":{" ":{"c":{"o":{"n":{"d":{"o":{" ":{"d":{"e":{"v":{"e":{"l":{"o":{"p":{"m":{"e":{"n":{"t":{" ":{"i":{"n":{" ":{"f":{"l":{"a":{"m":{"i":{"n":{"g":{"o":{"!":{"match":{"name":"Beautiful Oceanfront Condo Development in Flamingo!","id":"beautiful-oceanfront-condo-development-in-flamingo"}}}}}}}}}}}}}}}}}}}}}}}}}}}}}}}}}}}}}}}}}}}}}}}}}}}},"w":{"y":{"l":{"d":{"e":{"w":{"o":{"o":{"d":{" ":{"c":{"o":{"n":{"d":{"o":{"match":{"name":"Wyldewood Condo","id":"wyldewood-condo"}}}}}}}}}}}}}}}},"d":{"o":{"w":{"n":{"t":{"o":{"w":{"n":{" ":{"l":{"u":{"x":{"u":{"r":{"y":{" ":{"s":{"t":{"u":{"d":{"i":{"o":{".":{" ":{"w":{"e":{"l":{"c":{"o":{"m":{"e":{" ":{"g":{"i":{"f":{"t":{".":{"match":{"name":"Downtown Luxury Studio. Welcome gift.","id":"downtown-luxury-studio-welcome-gift"}}}}}}}}}}}}}}}}}}}}}}}}}}}}}}}}}}}}},"r":{"a":{"m":{"a":{"t":{"i":{"c":{" ":{"o":{"c":{"e":{"a":{"n":{" ":{"v":{"i":{"e":{"w":{"s":{",":{" ":{"2":{" ":{"m":{"a":{"s":{"t":{"e":{"r":{" ":{"b":{"e":{"d":{"r":{"o":{"o":{"m":{"s":{",":{" ":{"2":{" ":{"b":{"a":{"l":{"c":{"o":{"n":{"i":{"e":{"s":{",":{" ":{"2":{" ":{"p":{"o":{"o":{"l":{"s":{"match":{"name":"Dramatic Ocean Views, 2 Master Bedrooms, 2 Balconies, 2 Pools","id":"dramatic-ocean-views-2-master-bedrooms-2-balconies-2-pools"}}}}}}}}}}}}}}}}}}}}}}}}}}}}}}}}}}}}}}}}}}}}}}}}}}}}}}}}}}}}}},"r":{"i":{"v":{"e":{"r":{" ":{"s":{"i":{"d":{"e":{" ":{"s":{"t":{"u":{"d":{"i":{"o":{"match":{"name":"River Side Studio","id":"river-side-studio"}}}}}}}}}}}}}}}}},"e":{"l":{"a":{"x":{"i":{"n":{"g":{" ":{"a":{"p":{"p":{"a":{"r":{"t":{"m":{"e":{"n":{"t":{"match":{"name":"Relaxing Appartment","id":"relaxing-appartment"}}}}}}}}}}}}}}}}}}}},"o":{"n":{"e":{"-":{"o":{"f":{"-":{"a":{"-":{"k":{"i":{"n":{"d":{" ":{"d":{"o":{"m":{"e":{" ":{"s":{"t":{"a":{"y":{" ":{"n":{"e":{"a":{"r":{" ":{"p":{"a":{"r":{"a":{"d":{"i":{"s":{"e":{"!":{"match":{"name":"One-of-a-Kind Dome Stay near Paradise!","id":"one-of-a-kind-dome-stay-near-paradise"}}}}}}}}}}}}}}}}}}}}}}}}}}}}}}}}}}}}}},"c":{"e":{"a":{"n":{"v":{"i":{"e":{"w":{" ":{"v":{"i":{"l":{"l":{"a":{",":{" ":{"h":{"o":{"t":{" ":{"t":{"u":{"b":{" ":{"-":{" ":{"2":{"n":{"d":{" ":{"f":{"l":{"o":{"o":{"r":{"match":{"name":"Oceanview villa, hot tub - 2nd Floor","id":"oceanview-villa-hot-tub-2nd-floor"}}}}}}}}}}}}}}}}}}}}}}}}}}}}}}}}}}}}},"e":{"x":{"t":{"r":{"a":{"o":{"r":{"d":{"i":{"n":{"a":{"r":{"y":{" ":{"o":{"c":{"e":{"a":{"n":{" ":{"v":{"i":{"e":{"w":{"s":{",":{" ":{"2":{" ":{"p":{"o":{"o":{"l":{"s":{",":{" ":{"f":{"l":{"a":{"m":{"i":{"n":{"g":{"o":{"match":{"name":"Extraordinary Ocean Views, 2 Pools, Flamingo","id":"extraordinary-ocean-views-2-pools-flamingo"}}}}}}}}}}}}}}}}}}}}}}}}}}}}}}}}}}}}}}}}}}}},"l":{" ":{"p":{"a":{"s":{"i":{"t":{"o":{" ":{"c":{"a":{"b":{"i":{"n":{"a":{"s":{" ":{"1":{"/":{"2":{"match":{"name":"El pasito Cabinas 1/2","id":"el-pasito-cabinas-12"}}}}}}}}}}}}}}}}}}}}}},"m":{"a":{"s":{"t":{"e":{"r":{" ":{"b":{"e":{"d":{"r":{"o":{"o":{"m":{" ":{"w":{"i":{"t":{"h":{" ":{"b":{"a":{"l":{"c":{"o":{"n":{"y":{"match":{"name":"Master bedroom with balcony","id":"master-bedroom-with-balcony"}}}}}}}}}}}}}}}}}}}}}}}}}}}}}