[
  {
    "houseType": "House",
    "imageAltText": "King Room Sky",
    "rate": 690,
    "id": "king-room-sky",
    "hostId": 15,
    "city": "New York City",
    "name": "King Room Sky",
    "country": "US",
    "placeType": "Entire place",
    "imageSrc": "https://images.pexels.com/photos/2079234/pexels-photo-2079234.jpeg?auto=compress&cs=tinysrgb&dpr=2&h=750&w=1260",
    "stars": 2.0,
    "territory": "New York"
  },
  {
    "houseType": "Apartment",
    "imageAltText": "138 Bowery, King Room",
    "rate": 30,
    "id": "138-bowery-king-room",
    "hostId": 40,
    "city": "Los Angeles",
    "name": "138 Bowery, King Room",
    "country": "US",
    "placeType": "Private room",
    "imageSrc": "https://images.pexels.com/photos/186077/pexels-photo-186077.jpeg?auto=compress&cs=tinysrgb&dpr=2&h=650&w=940",
    "stars": 0.0,
    "territory": "California"
  },
  {
    "houseType": "Bed and breakfast",
    "imageAltText": "Sun-drenched, peaceful apartment available",
    "rate": 590,
    "id": "sundrenched-peaceful-apartment-available",
    "hostId": 32,
    "city": "Chicago",
    "name": "Sun-drenched, peaceful apartment available",
    "country": "US",
    "placeType": "Hotel room",
    "imageSrc": "https://images.pexels.com/photos/6297084/pexels-photo-6297084.jpeg?auto=compress&cs=tinysrgb&dpr=2&h=750&w=1260",
    "stars": 5.0,
    "territory": "Illinois"
  },
  {
    "houseType": "Boutique hotel",
    "imageAltText": "1BR Penthouse in SoHo / Greenwich Village",
    "rate": 940,
    "id": "1br-penthouse-in-soho-greenwich-village",
    "hostId": 10,
    "city": "Houston",
    "name": "1BR Penthouse in SoHo / Greenwich Village",
    "country": "US",
    "placeType": "Shared room",
    "imageSrc": "https://images.pexels.com/photos/1457842/pexels-photo-1457842.jpeg?auto=compress&cs=tinysrgb&dpr=2&h=750&w=1260",
    "stars": 0.0,
    "territory": "Texas"
  },
  {
    "houseType": "House",
    "imageAltText": "City Queenside",
    "rate": 930,
    "id": "city-queenside",
    "hostId": 22,
    "city": "Phoenix",
    "name": "City Queenside",
    "country": "US",
    "placeType": "Entire place",
    "imageSrc": "https://images.pexels.com/photos/259751/pexels-photo-259751.jpeg?auto=compress&cs=tinysrgb&dpr=2&h=750&w=1260",
    "stars": 5.0,
    "territory": "Arizona"
  },
  {
    "houseType": "Apartment",
    "imageAltText": "138 Bowery, Deluxe King Room",
    "rate": 710,
    "id": "138-bowery-deluxe-king-room",
    "hostId": 34,
    "city": "Philadelphia",
    "name": "138 Bowery, Deluxe King Room",
    "country": "US",
    "placeType": "Private room",
    "imageSrc": "https://images.pexels.com/photos/4186560/pexels-photo-4186560.jpeg?auto=compress&cs=tinysrgb&dpr=2&h=750&w=1260",
    "stars": 1.0,
    "territory": "Pennsylvania"
  },
  {
    "houseType": "Bed and breakfast",
    "imageAltText": "Charming 1BD Apartment near Empire State building",
    "rate": 260,
    "id": "charming-1bd-apartment-near-empire-state-building",
    "hostId": 29,
    "city": "San Antonio",
    "name": "Charming 1BD Apartment near Empire State building",
    "country": "US",
    "placeType": "Hotel room",
    "imageSrc": "https://images.pexels.com/photos/4112601/pexels-photo-4112601.jpeg?auto=compress&cs=tinysrgb&dpr=2&h=750&w=1260",
    "stars": 0.5,
    "territory": "Texas"
  },
  {
    "houseType": "Boutique hotel",
    "imageAltText": "138 Bowery, Vibrant Queen Room",
    "rate": 1400,
    "id": "138-bowery-vibrant-queen-room",
    "hostId": 6,
    "city": "San Diego",
    "name": "138 Bowery, Vibrant Queen Room",
    "country": "US",
    "placeType": "Shared room",
    "imageSrc": "https://images.pexels.com/photos/1134176/pexels-photo-1134176.jpeg?auto=compress&cs=tinysrgb&dpr=2&h=750&w=1260",
    "stars": 1.5,
    "territory": "California"
  },
  {
    "houseType": "House",
    "imageAltText": "Cozy + Chic Brooklyn Duplex",
    "rate": 580,
    "id": "cozy-chic-brooklyn-duplex",
    "hostId": 29,
    "city": "Dallas",
    "name": "Cozy + Chic Brooklyn Duplex",
    "country": "US",
    "placeType": "Entire place",
    "imageSrc": "https://images.pexels.com/photos/221024/pexels-photo-221024.jpeg?auto=compress&cs=tinysrgb&dpr=2&h=750&w=1260",
    "stars": 0.5,
    "territory": "Texas"
  },
  {
    "houseType": "Apartment",
    "imageAltText": "Private, Roomy, Quiet Studio in heart of Kips Bay",
    "rate": 1610,
    "id": "private-roomy-quiet-studio-in-heart-of-kips-bay",
    "hostId": 18,
    "city": "San Jose",
    "name": "Private, Roomy, Quiet Studio in heart of Kips Bay",
    "country": "US",
    "placeType": "Private room",
    "imageSrc": "https://images.pexels.com/photos/5178068/pexels-photo-5178068.jpeg?auto=compress&cs=tinysrgb&dpr=2&h=750&w=1260",
    "stars": 5.0,
    "territory": "California"
  },
  {
    "houseType": "Bed and breakfast",
    "imageAltText": "Spacious studio in midtown Manhattan",
    "rate": 960,
    "id": "spacious-studio-in-midtown-manhattan",
    "hostId": 13,
    "city": "Austin",
    "name": "Spacious studio in midtown Manhattan",
    "country": "US",
    "placeType": "Hotel room",
    "imageSrc": "https://images.pexels.com/photos/1571470/pexels-photo-1571470.jpeg?auto=compress&cs=tinysrgb&dpr=2&h=750&w=1260",
    "stars": 4.5,
    "territory": "Texas"
  },
  {
    "houseType": "Boutique hotel",
    "imageAltText": "Amazing  Nomad Apt in the Center Of Manhattan",
    "rate": 410,
    "id": "amazing-nomad-apt-in-the-center-of-manhattan",
    "hostId": 0,
    "city": "Jacksonville",
    "name": "Amazing  Nomad Apt in the Center Of Manhattan",
    "country": "US",
    "placeType": "Shared room",
    "imageSrc": "https://images.pexels.com/photos/276724/pexels-photo-276724.jpeg?auto=compress&cs=tinysrgb&dpr=2&h=750&w=1260",
    "stars": 1.0,
    "territory": "Florida"
  },
  {
    "houseType": "House",
    "imageAltText": "Sunny Bleecker Street 1-bedroom in NoHo (2F)",
    "rate": 1850,
    "id": "sunny-bleecker-street-1bedroom-in-noho-2f",
    "hostId": 1,
    "city": "Fort Worth",
    "name": "Sunny Bleecker Street 1-bedroom in NoHo (2F)",
    "country": "US",
    "placeType": "Entire place",
    "imageSrc": "https://images.pexels.com/photos/164522/pexels-photo-164522.jpeg?auto=compress&cs=tinysrgb&dpr=2&h=750&w=1260",
    "stars": 0.0,
    "territory": "Texas"
  },
  {
    "houseType": "Apartment",
    "imageAltText": "Studio with  King size bed",
    "rate": 1730,
    "id": "studio-with-king-size-bed",
    "hostId": 17,
    "city": "Columbus",
    "name": "Studio with  King size bed",
    "country": "US",
    "placeType": "Private room",
    "imageSrc": "https://images.pexels.com/photos/6489083/pexels-photo-6489083.jpeg?auto=compress&cs=tinysrgb&dpr=2&h=750&w=1260",
    "stars": 0.5,
    "territory": "Ohio"
  },
  {
    "houseType": "Bed and breakfast",
    "imageAltText": "A Diamond in the Rough.",
    "rate": 490,
    "id": "a-diamond-in-the-rough",
    "hostId": 18,
    "city": "San Francisco",
    "name": "A Diamond in the Rough.",
    "country": "US",
    "placeType": "Hotel room",
    "imageSrc": "https://images.pexels.com/photos/1571457/pexels-photo-1571457.jpeg?auto=compress&cs=tinysrgb&dpr=2&h=750&w=1260",
    "stars": 1.0,
    "territory": "California"
  },
  {
    "houseType": "Boutique hotel",
    "imageAltText": "Lovely New Renovated Studio / Park Slope",
    "rate": 1820,
    "id": "lovely-new-renovated-studio-park-slope",
    "hostId": 34,
    "city": "Indianapolis",
    "name": "Lovely New Renovated Studio / Park Slope",
    "country": "US",
    "placeType": "Shared room",
    "imageSrc": "https://images.pexels.com/photos/6480201/pexels-photo-6480201.jpeg?auto=compress&cs=tinysrgb&dpr=2&h=750&w=1260",
    "stars": 4.5,
    "territory": "Indiana"
  },
  {
    "houseType": "House",
    "imageAltText": "Private studio in midtown Manhattan",
    "rate": 1960,
    "id": "private-studio-in-midtown-manhattan",
    "hostId": 3,
    "city": "Seattle",
    "name": "Private studio in midtown Manhattan",
    "country": "US",
    "placeType": "Entire place",
    "imageSrc": "https://images.pexels.com/photos/259580/pexels-photo-259580.jpeg?auto=compress&cs=tinysrgb&dpr=2&h=750&w=1260",
    "stars": 4.5,
    "territory": "Washington"
  },
  {
    "houseType": "Apartment",
    "imageAltText": "Super Spacious Studio in Midtown West",
    "rate": 960,
    "id": "super-spacious-studio-in-midtown-west",
    "hostId": 34,
    "city": "Denver",
    "name": "Super Spacious Studio in Midtown West",
    "country": "US",
    "placeType": "Private room",
    "imageSrc": "https://images.pexels.com/photos/2517507/pexels-photo-2517507.jpeg?auto=compress&cs=tinysrgb&dpr=2&h=750&w=1260",
    "stars": 5.0,
    "territory": "Colorado"
  },
  {
    "houseType": "Bed and breakfast",
    "imageAltText": "Furnished Midtown One Bedroom Beauty",
    "rate": 880,
    "id": "furnished-midtown-one-bedroom-beauty",
    "hostId": 34,
    "city": "Boston",
    "name": "Furnished Midtown One Bedroom Beauty",
    "country": "US",
    "placeType": "Hotel room",
    "imageSrc": "https://images.pexels.com/photos/338504/pexels-photo-338504.jpeg?auto=compress&cs=tinysrgb&dpr=2&h=750&w=1260",
    "stars": 3.5,
    "territory": "Massachusetts"
  },
  {
    "houseType": "Boutique hotel",
    "imageAltText": "Tiny Home Tranquility",
    "rate": 1790,
    "id": "tiny-home-tranquility",
    "hostId": 24,
    "city": "Toronto",
    "name": "Tiny Home Tranquility",
    "country": "CA",
    "placeType": "Shared room",
    "imageSrc": "https://images.pexels.com/photos/271618/pexels-photo-271618.jpeg?auto=compress&cs=tinysrgb&dpr=2&h=750&w=1260",
    "stars": 1.0,
    "territory": "Ontario"
  },
  {
    "houseType": "House",
    "imageAltText": "Beyond The Door",
    "rate": 1270,
    "id": "beyond-the-door",
    "hostId": 0,
    "city": "Montreal",
    "name": "Beyond The Door",
    "country": "CA",
    "placeType": "Entire place",
    "imageSrc": "https://images.pexels.com/photos/259588/pexels-photo-259588.jpeg?auto=compress&cs=tinysrgb&dpr=2&h=750&w=1260",
    "stars": 4.5,
    "territory": "Quebec"
  },
  {
    "houseType": "Apartment",
    "imageAltText": "Simply Suite",
    "rate": 1340,
    "id": "simply-suite",
    "hostId": 26,
    "city": "Calgary",
    "name": "Simply Suite",
    "country": "CA",
    "placeType": "Private room",
    "imageSrc": "https://images.pexels.com/photos/813692/pexels-photo-813692.jpeg?auto=compress&cs=tinysrgb&dpr=2&h=750&w=1260",
    "stars": 0.5,
    "territory": "Alberta"
  },
  {
    "houseType": "Bed and breakfast",
    "imageAltText": "The Dear Home - Clean and comfy Paradise suite",
    "rate": 1880,
    "id": "the-dear-home-clean-and-comfy-paradise-suite",
    "hostId": 19,
    "city": "Ottawa",
    "name": "The Dear Home - Clean and comfy Paradise suite",
    "country": "CA",
    "placeType": "Hotel room",
    "imageSrc": "https://images.pexels.com/photos/280232/pexels-photo-280232.jpeg?auto=compress&cs=tinysrgb&dpr=2&h=750&w=1260",
    "stars": 5.0,
    "territory": "Ontario"
  },
  {
    "houseType": "Boutique hotel",
    "imageAltText": "Condo in Paradise",
    "rate": 260,
    "id": "condo-in-paradise",
    "hostId": 40,
    "city": "Edmonton",
    "name": "Condo in Paradise",
    "country": "CA",
    "placeType": "Shared room",
    "imageSrc": "https://images.pexels.com/photos/3701434/pexels-photo-3701434.jpeg?auto=compress&cs=tinysrgb&dpr=2&h=750&w=1260",
    "stars": 5.0,
    "territory": "Alberta"
  },
  {
    "houseType": "House",
    "imageAltText": "Wyldewood Condo",
    "rate": 1590,
    "id": "wyldewood-condo",
    "hostId": 2,
    "city": "Mississauga",
    "name": "Wyldewood Condo",
    "country": "CA",
    "placeType": "Entire place",
    "imageSrc": "https://images.pexels.com/photos/6487966/pexels-photo-6487966.jpeg?auto=compress&cs=tinysrgb&dpr=2&h=750&w=1260",
    "stars": 2.0,
    "territory": "Ontario"
  },
  {
    "houseType": "Apartment",
    "imageAltText": "Downtown Luxury Studio. Welcome gift.",
    "rate": 850,
    "id": "downtown-luxury-studio-welcome-gift",
    "hostId": 32,
    "city": "Winnipeg",
    "name": "Downtown Luxury Studio. Welcome gift.",
    "country": "CA",
    "placeType": "Private room",
    "imageSrc": "https://images.pexels.com/photos/3144580/pexels-photo-3144580.jpeg?auto=compress&cs=tinysrgb&dpr=2&h=750&w=12600",
    "stars": 1.0,
    "territory": "Manitoba"
  },
  {
    "houseType": "Bed and breakfast",
    "imageAltText": "The Alpine Cedars Suite",
    "rate": 1100,
    "id": "the-alpine-cedars-suite",
    "hostId": 14,
    "city": "Vancouver",
    "name": "The Alpine Cedars Suite",
    "country": "CA",
    "placeType": "Hotel room",
    "imageSrc": "https://images.pexels.com/photos/1668860/pexels-photo-1668860.jpeg?auto=compress&cs=tinysrgb&dpr=2&h=750&w=1260",
    "stars": 0.0,
    "territory": "British Columbia"
  },
  {
    "houseType": "Boutique hotel",
    "imageAltText": "Cute n Cozy Townhouse for 2!",
    "rate": 1790,
    "id": "cute-n-cozy-townhouse-for-2",
    "hostId": 14,
    "city": "Brampton",
    "name": "Cute n Cozy Townhouse for 2!",
    "country": "CA",
    "placeType": "Shared room",
    "imageSrc": "https://images.pexels.com/photos/1743229/pexels-photo-1743229.jpeg?auto=compress&cs=tinysrgb&dpr=2&h=750&w=1260",
    "stars": 3.0,
    "territory": "Ontario"
  },
  {
    "houseType": "House",
    "imageAltText": "Luxury Chalet with all the Toys (min 32 days)",
    "rate": 730,
    "id": "luxury-chalet-with-all-the-toys-min-32-days",
    "hostId": 24,
    "city": "Hamilton",
    "name": "Luxury Chalet with all the Toys (min 32 days)",
    "country": "CA",
    "placeType": "Entire place",
    "imageSrc": "https://images.pexels.com/photos/2893177/pexels-photo-2893177.jpeg?auto=compress&cs=tinysrgb&dpr=2&h=750&w=1260",
    "stars": 4.0,
    "territory": "Ontario"
  },
  {
    "houseType": "Apartment",
    "imageAltText": "River Side Studio",
    "rate": 730,
    "id": "river-side-studio",
    "hostId": 13,
    "city": "Quebec City",
    "name": "River Side Studio",
    "country": "CA",
    "placeType": "Private room",
    "imageSrc": "https://images.pexels.com/photos/1454806/pexels-photo-1454806.jpeg?auto=compress&cs=tinysrgb&dpr=2&h=750&w=1260",
    "stars": 4.5,
    "territory": "Quebec"
  },
  {
    "houseType": "Bed and breakfast",
    "imageAltText": "Spacious Resort Studio in Paradise!",
    "rate": 730,
    "id": "spacious-resort-studio-in-paradise",
    "hostId": 2,
    "city": "Surrey",
    "name": "Spacious Resort Studio in Paradise!",
    "country": "CA",
    "placeType": "Hotel room",
    "imageSrc": "https://images.pexels.com/photos/2029731/pexels-photo-2029731.jpeg?auto=compress&cs=tinysrgb&dpr=2&h=750&w=1260",
    "stars": 3.0,
    "territory": "British Columbia"
  },
  {
    "houseType": "Boutique hotel",
    "imageAltText": "Sun & Ski Paradise - Year Round fun and relaxation",
    "rate": 470,
    "id": "sun-ski-paradise-year-round-fun-and-relaxation",
    "hostId": 4,
    "city": "Laval",
    "name": "Sun & Ski Paradise - Year Round fun and relaxation",
    "country": "CA",
    "placeType": "Shared room",
    "imageSrc": "https://images.pexels.com/photos/262048/pexels-photo-262048.jpeg?auto=compress&cs=tinysrgb&dpr=2&h=750&w=1260",
    "stars": 3.0,
    "territory": "Quebec"
  },
  {
    "houseType": "House",
    "imageAltText": "Steps to the Beach",
    "rate": 510,
    "id": "steps-to-the-beach",
    "hostId": 20,
    "city": "Halifax",
    "name": "Steps to the Beach",
    "country": "CA",
    "placeType": "Entire place",
    "imageSrc": "https://images.pexels.com/photos/6480198/pexels-photo-6480198.jpeg?auto=compress&cs=tinysrgb&dpr=2&h=750&w=1260",
    "stars": 0.0,
    "territory": "Nova Scotia"
  },
  {
    "houseType": "Apartment",
    "imageAltText": "Cozy Chalet 355 w/ Wi-Fi + Indoor Fireplace",
    "rate": 1620,
    "id": "cozy-chalet-355-w-wifi-indoor-fireplace",
    "hostId": 3,
    "city": "London",
    "name": "Cozy Chalet 355 w/ Wi-Fi + Indoor Fireplace",
    "country": "CA",
    "placeType": "Private room",
    "imageSrc": "https://images.pexels.com/photos/1457845/pexels-photo-1457845.jpeg?auto=compress&cs=tinysrgb&dpr=2&h=750&w=1260",
    "stars": 2.5,
    "territory": "Ontario"
  },
  {
    "houseType": "Bed and breakfast",
    "imageAltText": "Cozy little downtown condo",
    "rate": 680,
    "id": "cozy-little-downtown-condo",
    "hostId": 23,
    "city": "Markham",
    "name": "Cozy little downtown condo",
    "country": "CA",
    "placeType": "Hotel room",
    "imageSrc": "https://images.pexels.com/photos/1080721/pexels-photo-1080721.jpeg?auto=compress&cs=tinysrgb&dpr=2&h=750&w=1260",
    "stars": 1.5,
    "territory": "Ontario"
  },
  {
    "houseType": "Boutique hotel",
    "imageAltText": "Relaxing Appartment",
    "rate": 1770,
    "id": "relaxing-appartment",
    "hostId": 9,
    "city": "Vaughan",
    "name": "Relaxing Appartment",
    "country": "CA",
    "placeType": "Shared room",
    "imageSrc": "https://images.pexels.com/photos/276554/pexels-photo-276554.jpeg?auto=compress&cs=tinysrgb&dpr=2&h=750&w=1260",
    "stars": 3.5,
    "territory": "Ontario"
  },
  {
    "houseType": "House",
    "imageAltText": "Lake House by the Bay",
    "rate": 1880,
    "id": "lake-house-by-the-bay",
    "hostId": 12,
    "city": "Gatineau",
    "name": "Lake House by the Bay",
    "country": "CA",
    "placeType": "Entire place",
    "imageSrc": "https://images.pexels.com/photos/6207948/pexels-photo-6207948.jpeg?auto=compress&cs=tinysrgb&dpr=2&h=750&w=1260",
    "stars": 4.5,
    "territory": "Quebec"
  },
  {
    "houseType": "Apartment",
    "imageAltText": "Aspen Lodge Downtown Large Beautiful Chalet ",
    "rate": 1400,
    "id": "aspen-lodge-downtown-large-beautiful-chalet-",
    "hostId": 25,
    "city": "Saskatoon",
    "name": "Aspen Lodge Downtown Large Beautiful Chalet ",
    "country": "CA",
    "placeType": "Private room",
    "imageSrc": "https://images.pexels.com/photos/4846461/pexels-photo-4846461.jpeg?auto=compress&cs=tinysrgb&dpr=2&h=750&w=1260",
    "stars": 1.5,
    "territory": "Saskatchewan"
  },
  {
    "houseType": "Bed and breakfast",
    "imageAltText": "One-of-a-Kind Dome Stay near Paradise!",
    "rate": 1930,
    "id": "one-of-a-kind-dome-stay-near-paradise",
    "hostId": 19,
    "city": "Longueuil",
    "name": "One-of-a-Kind Dome Stay near Paradise!",
    "country": "CA",
    "placeType": "Hotel room",
    "imageSrc": "https://images.pexels.com/photos/5998119/pexels-photo-5998119.jpeg?auto=compress&cs=tinysrgb&dpr=2&h=750&w=1260",
    "stars": 1.0,
    "territory": "Quebec"
  },
  {
    "houseType": "Boutique hotel",
    "imageAltText": "Dramatic Ocean Views, 2 Master Bedrooms, 2 Balconies, 2 Pools",
    "rate": 1580,
    "id": "dramatic-ocean-views-2-master-bedrooms-2-balconies-2-pools",
    "hostId": 22,
    "city": "San José",
    "name": "Dramatic Ocean Views, 2 Master Bedrooms, 2 Balconies, 2 Pools",
    "country": "CR",
    "placeType": "Shared room",
    "imageSrc": "https://images.pexels.com/photos/164595/pexels-photo-164595.jpeg?auto=compress&cs=tinysrgb&dpr=2&h=750&w=1260",
    "stars": 3.5,
    "territory": "San José"
  },
  {
    "houseType": "House",
    "imageAltText": "Casa Vida - Surfside Unique Hidden Gem",
    "rate": 60,
    "id": "casa-vida-surfside-unique-hidden-gem",
    "hostId": 34,
    "city": "Alajuela",
    "name": "Casa Vida - Surfside Unique Hidden Gem",
    "country": "CR",
    "placeType": "Entire place",
    "imageSrc": "https://images.pexels.com/photos/2587054/pexels-photo-2587054.jpeg?auto=compress&cs=tinysrgb&dpr=2&h=750&w=1260",
    "stars": 4.5,
    "territory": "Alajuela"
  },
  {
    "houseType": "Apartment",
    "imageAltText": "Fantastic ocean view apartment with shared POOL",
    "rate": 1730,
    "id": "fantastic-ocean-view-apartment-with-shared-pool",
    "hostId": 41,
    "city": "Cartago",
    "name": "Fantastic ocean view apartment with shared POOL",
    "country": "CR",
    "placeType": "Private room",
    "imageSrc": "https://images.pexels.com/photos/1571460/pexels-photo-1571460.jpeg?auto=compress&cs=tinysrgb&dpr=2&h=750&w=1260",
    "stars": 0.5,
    "territory": "Cartago"
  },
  {
    "houseType": "Bed and breakfast",
    "imageAltText": "Beautiful Oceanfront Condo Development in Flamingo!",
    "rate": 170,
    "id": "beautiful-oceanfront-condo-development-in-flamingo",
    "hostId": 40,
    "city": "Heredia",
    "name": "Beautiful Oceanfront Condo Development in Flamingo!",
    "country": "CR",
    "placeType": "Hotel room",
    "imageSrc": "https://images.pexels.com/photos/276671/pexels-photo-276671.jpeg?auto=compress&cs=tinysrgb&dpr=2&h=750&w=1260",
    "stars": 3.5,
    "territory": "Heredia"
  },
  {
    "houseType": "Boutique hotel",
    "imageAltText": "500 SUNSET HEIGHTS",
    "rate": 580,
    "id": "500-sunset-heights",
    "hostId": 6,
    "city": "Puntarenas",
    "name": "500 SUNSET HEIGHTS",
    "country": "CR",
    "placeType": "Shared room",
    "imageSrc": "https://images.pexels.com/photos/1001965/pexels-photo-1001965.jpeg?auto=compress&cs=tinysrgb&dpr=2&h=750&w=1260",
    "stars": 4.0,
    "territory": "Puntarenas"
  },
  {
    "houseType": "House",
    "imageAltText": "Extraordinary Ocean Views, 2 Pools, Flamingo",
    "rate": 1090,
    "id": "extraordinary-ocean-views-2-pools-flamingo",
    "hostId": 1,
    "city": "Limón",
    "name": "Extraordinary Ocean Views, 2 Pools, Flamingo",
    "country": "CR",
    "placeType": "Entire place",
    "imageSrc": "https://images.pexels.com/photos/2155202/pexels-photo-2155202.jpeg?auto=compress&cs=tinysrgb&dpr=2&h=750&w=1260",
    "stars": 4.5,
    "territory": "Limón"
  },
  {
    "houseType": "Apartment",
    "imageAltText": "Luxury Condo Marina",
    "rate": 840,
    "id": "luxury-condo-marina",
    "hostId": 40,
    "city": "Liberia",
    "name": "Luxury Condo Marina",
    "country": "CR",
    "placeType": "Private room",
    "imageSrc": "https://images.pexels.com/photos/6434634/pexels-photo-6434634.jpeg?auto=compress&cs=tinysrgb&dpr=2&h=750&w=1260",
    "stars": 0.0,
    "territory": "Guanacaste"
  },
  {
    "houseType": "Bed and breakfast",
    "imageAltText": "Oceanview villa, hot tub - 2nd Floor",
    "rate": 120,
    "id": "oceanview-villa-hot-tub-2nd-floor",
    "hostId": 27,
    "city": "San Isidro de El General",
    "name": "Oceanview villa, hot tub - 2nd Floor",
    "country": "CR",
    "placeType": "Hotel room",
    "imageSrc": "https://images.pexels.com/photos/279746/pexels-photo-279746.jpeg?auto=compress&cs=tinysrgb&dpr=2&h=750&w=1260",
    "stars": 4.0,
    "territory": "San José"
  },
  {
    "houseType": "Boutique hotel",
    "imageAltText": "El pasito Cabinas 1/2",
    "rate": 490,
    "id": "el-pasito-cabinas-12",
    "hostId": 32,
    "city": "Quesada",
    "name": "El pasito Cabinas 1/2",
    "country": "CR",
    "placeType": "Shared room",
    "imageSrc": "https://images.pexels.com/photos/6394711/pexels-photo-6394711.jpeg?auto=compress&cs=tinysrgb&dpr=2&h=750&w=1260",
    "stars": 2.0,
    "territory": "Alajuela"
  },
  {
    "houseType": "House",
    "imageAltText": "Master bedroom with balcony",
    "rate": 1690,
    "id": "master-bedroom-with-balcony",
    "hostId": 15,
    "city": "Desamparados",
    "name": "Master bedroom with balcony",
    "country": "CR",
    "placeType": "Entire place",
    "imageSrc": "https://images.pexels.com/photos/6487938/pexels-photo-6487938.jpeg?auto=compress&cs=tinysrgb&dpr=2&h=750&w=1260",
    "stars": 5.0,
    "territory": "San José"
  }
]
